{"stats":{"minecraft:killed_by":{"iceandfire:troll":1,"minecraft:zombie":1},"minecraft:dropped":{"minecraft:raw_gold":1},"minecraft:used":{"minecraft:water_bucket":4,"minecraft:iron_axe":17,"minecraft:stone_pickaxe":70,"minecraft:birch_sapling":1,"minecraft:iron_pickaxe":59,"minecraft:shield":6,"minecraft:wooden_pickaxe":3,"minecraft:cobblestone":29,"minecraft:crafting_table":5,"minecraft:furnace":2,"minecraft:bucket":5,"minecraft:cobbled_deepslate":4},"minecraft:mined":{"minecraft:furnace":2,"minecraft:birch_log":9,"minecraft:iron_ore":16,"minecraft:birch_leaves":1,"minecraft:crafting_table":5,"minecraft:coal_ore":17,"minecraft:deepslate_iron_ore":20,"minecraft:deepslate_gold_ore":17,"minecraft:stone":55,"minecraft:deepslate":5},"minecraft:crafted":{"minecraft:shield":1,"minecraft:iron_axe":1,"minecraft:crafting_table":1,"minecraft:stick":8,"minecraft:wooden_pickaxe":1,"minecraft:iron_ingot":16,"minecraft:iron_pickaxe":1,"minecraft:stone_pickaxe":1,"minecraft:furnace":2,"minecraft:bucket":1,"minecraft:birch_planks":36,"minecraft:air":0},"minecraft:killed":{"minecraft:skeleton":2,"minecraft:spider":2},"minecraft:picked_up":{"minecraft:birch_log":9,"minecraft:crafting_table":6,"minecraft:raw_iron":56,"minecraft:water_bucket":1,"minecraft:wooden_pickaxe":1,"minecraft:birch_planks":19,"minecraft:shield":1,"minecraft:iron_axe":1,"minecraft:bone":4,"minecraft:arrow":2,"minecraft:cobbled_deepslate":9,"minecraft:raw_gold":32,"minecraft:stone_pickaxe":1,"minecraft:iron_ingot":6,"minecraft:iron_pickaxe":1,"minecraft:birch_sapling":1,"minecraft:coal":45,"minecraft:cobblestone":81,"minecraft:furnace":4},"minecraft:custom":{"minecraft:time_since_rest":53,"minecraft:interact_with_furnace":17,"minecraft:sprint_one_cm":31380,"minecraft:damage_taken":580,"minecraft:walk_one_cm":37560,"minecraft:damage_blocked_by_shield":170,"minecraft:mob_kills":4,"minecraft:drop":1,"minecraft:damage_dealt":1008,"minecraft:interact_with_crafting_table":11,"minecraft:swim_one_cm":10386,"minecraft:fly_one_cm":26603,"minecraft:crouch_one_cm":2243,"minecraft:deaths":2,"minecraft:play_time":15516,"minecraft:sneak_time":652,"minecraft:walk_under_water_one_cm":3600,"minecraft:jump":247,"minecraft:time_since_death":22,"minecraft:walk_on_water_one_cm":1525,"minecraft:total_world_time":15516,"minecraft:fall_one_cm":10230}},"DataVersion":3120}