{"stats":{"minecraft:killed_by":{"minecraft:zombie":1,"iceandfire:troll":1},"minecraft:dropped":{"minecraft:raw_gold":1},"minecraft:used":{"minecraft:water_bucket":4,"minecraft:birch_planks":6,"minecraft:stone_pickaxe":70,"minecraft:wooden_pickaxe":3,"minecraft:shield":18,"minecraft:rotten_flesh":3,"minecraft:iron_chestplate":1,"minecraft:crafting_table":6,"minecraft:iron_axe":36,"minecraft:birch_sapling":1,"minecraft:iron_pickaxe":94,"minecraft:iron_helmet":1,"minecraft:iron_boots":1,"minecraft:cobblestone":29,"minecraft:furnace":4,"minecraft:bucket":5,"minecraft:cobbled_deepslate":5,"minecraft:iron_leggings":1},"minecraft:mined":{"iceandfire:silver_ore":1,"minecraft:crafting_table":6,"minecraft:deepslate_gold_ore":20,"minecraft:furnace":4,"minecraft:birch_log":9,"minecraft:iron_ore":20,"minecraft:birch_leaves":1,"minecraft:coal_ore":17,"minecraft:deepslate_iron_ore":38,"minecraft:gravel":1,"minecraft:stone":56,"minecraft:gold_ore":1,"minecraft:deepslate":10},"minecraft:killed":{"minecraft:spider":3,"minecraft:skeleton":3,"minecraft:zombie":5},"minecraft:crafted":{"minecraft:crafting_table":1,"minecraft:wooden_pickaxe":1,"minecraft:iron_helmet":1,"minecraft:furnace":2,"minecraft:bucket":1,"minecraft:birch_planks":36,"minecraft:air":0,"minecraft:iron_chestplate":1,"minecraft:iron_boots":1,"minecraft:shield":1,"minecraft:iron_axe":1,"minecraft:stick":8,"minecraft:iron_ingot":36,"minecraft:iron_pickaxe":1,"minecraft:stone_pickaxe":1,"minecraft:iron_leggings":1},"minecraft:picked_up":{"minecraft:birch_log":9,"minecraft:crafting_table":8,"minecraft:water_bucket":2,"minecraft:wooden_pickaxe":2,"minecraft:birch_planks":38,"minecraft:shield":2,"minecraft:string":1,"minecraft:iron_axe":2,"minecraft:bone":7,"minecraft:cobbled_deepslate":19,"minecraft:raw_gold":53,"minecraft:iron_ingot":12,"minecraft:stone_pickaxe":2,"minecraft:iron_pickaxe":2,"minecraft:birch_sapling":1,"minecraft:furnace":8,"minecraft:raw_iron":98,"iceandfire:silver_ore":1,"minecraft:gravel":1,"minecraft:spider_eye":1,"minecraft:arrow":4,"minecraft:rotten_flesh":4,"minecraft:coal":69,"minecraft:cobblestone":90},"minecraft:custom":{"minecraft:interact_with_furnace":43,"minecraft:mob_kills":11,"minecraft:interact_with_crafting_table":16,"minecraft:time_since_death":12022,"minecraft:time_since_rest":12053,"minecraft:sprint_one_cm":67626,"minecraft:damage_taken":824,"minecraft:walk_one_cm":64214,"minecraft:damage_blocked_by_shield":840,"minecraft:drop":1,"minecraft:damage_dealt":2458,"minecraft:swim_one_cm":10616,"minecraft:fly_one_cm":68694,"minecraft:crouch_one_cm":2274,"minecraft:play_time":27516,"minecraft:deaths":2,"minecraft:sneak_time":709,"minecraft:walk_under_water_one_cm":3801,"minecraft:jump":475,"minecraft:walk_on_water_one_cm":5356,"minecraft:total_world_time":27516,"minecraft:fall_one_cm":17760}},"DataVersion":3120}