{"stats":{"minecraft:used":{"minecraft:crafting_table":3,"minecraft:furnace":1,"minecraft:stone_pickaxe":43,"minecraft:birch_sapling":1,"minecraft:wooden_pickaxe":3},"minecraft:mined":{"minecraft:coal_ore":17,"minecraft:iron_ore":8,"minecraft:birch_log":9,"minecraft:stone":21,"minecraft:birch_leaves":1,"minecraft:crafting_table":2},"minecraft:crafted":{"minecraft:furnace":1,"minecraft:birch_planks":36,"minecraft:crafting_table":1,"minecraft:stick":4,"minecraft:wooden_pickaxe":1,"minecraft:stone_pickaxe":1},"minecraft:picked_up":{"minecraft:birch_log":9,"minecraft:raw_iron":8,"minecraft:crafting_table":2,"minecraft:coal":17,"minecraft:birch_sapling":1,"minecraft:cobblestone":20},"minecraft:custom":{"minecraft:time_since_rest":3516,"minecraft:interact_with_furnace":1,"minecraft:sprint_one_cm":46,"minecraft:play_time":3516,"minecraft:walk_one_cm":6463,"minecraft:walk_under_water_one_cm":628,"minecraft:jump":16,"minecraft:walk_on_water_one_cm":7,"minecraft:time_since_death":3516,"minecraft:total_world_time":3516,"minecraft:swim_one_cm":1986,"minecraft:interact_with_crafting_table":3,"minecraft:fall_one_cm":478}},"DataVersion":3120}