{"stats":{"minecraft:used":{"minecraft:stone_pickaxe":33,"minecraft:wooden_pickaxe":6,"minecraft:stone_axe":6,"minecraft:crafting_table":3,"minecraft:furnace":2},"minecraft:mined":{"minecraft:iron_ore":8,"minecraft:birch_leaves":1,"minecraft:crafting_table":2,"minecraft:grass":1,"minecraft:coal_ore":5,"minecraft:oak_log":10,"minecraft:dirt":1,"minecraft:stone":22,"minecraft:diorite":3},"minecraft:crafted":{"minecraft:oak_planks":40,"minecraft:crafting_table":1,"minecraft:stick":64,"minecraft:wooden_pickaxe":1,"minecraft:stone_pickaxe":1,"minecraft:furnace":2,"minecraft:stone_axe":1},"minecraft:killed":{"minecraft:sheep":1,"minecraft:skeleton":1},"minecraft:picked_up":{"minecraft:crafting_table":2,"minecraft:raw_iron":8,"minecraft:oak_log":10,"minecraft:diorite":3,"minecraft:dirt":1,"minecraft:bone":2,"minecraft:arrow":1,"minecraft:mutton":1,"minecraft:coal":5,"minecraft:white_wool":1,"minecraft:cobblestone":22},"minecraft:custom":{"minecraft:time_since_rest":13145,"minecraft:interact_with_furnace":3,"minecraft:sprint_one_cm":31844,"minecraft:damage_taken":180,"minecraft:walk_one_cm":10251,"minecraft:mob_kills":2,"minecraft:damage_dealt":280,"minecraft:interact_with_crafting_table":6,"minecraft:fly_one_cm":29342,"minecraft:crouch_one_cm":272,"minecraft:play_time":13145,"minecraft:sneak_time":226,"minecraft:jump":138,"minecraft:leave_game":1,"minecraft:time_since_death":13145,"minecraft:total_world_time":13145,"minecraft:fall_one_cm":3440}},"DataVersion":3120}