{"stats":{"minecraft:used":{"minecraft:cooked_mutton":4,"minecraft:iron_axe":38,"minecraft:stone_pickaxe":35,"minecraft:iron_pickaxe":151,"minecraft:shield":5,"minecraft:wooden_pickaxe":6,"minecraft:stone_axe":6,"minecraft:crafting_table":5,"minecraft:furnace":2,"minecraft:smoker":1},"minecraft:mined":{"minecraft:redstone_ore":2,"minecraft:furnace":2,"minecraft:iron_ore":44,"minecraft:smoker":1,"minecraft:andesite":7,"minecraft:birch_leaves":1,"minecraft:crafting_table":5,"minecraft:grass":2,"minecraft:grass_block":1,"minecraft:coal_ore":29,"minecraft:oak_log":32,"minecraft:sand":13,"minecraft:dirt":1,"minecraft:stone":89,"minecraft:diorite":17},"minecraft:crafted":{"minecraft:oak_planks":64,"minecraft:shield":1,"minecraft:iron_axe":1,"minecraft:crafting_table":1,"minecraft:stick":64,"minecraft:iron_pickaxe":1,"minecraft:iron_ingot":8,"minecraft:wooden_pickaxe":1,"minecraft:stone_pickaxe":1,"minecraft:chest":1,"minecraft:furnace":2,"minecraft:stone_axe":1,"minecraft:cooked_mutton":4,"minecraft:smoker":2},"minecraft:killed":{"minecraft:sheep":3,"minecraft:skeleton":1,"minecraft:zombie":3,"iceandfire:troll":1},"minecraft:picked_up":{"minecraft:crafting_table":5,"minecraft:raw_iron":44,"iceandfire:troll_tusk":2,"iceandfire:troll_weapon_hammer":1,"minecraft:andesite":7,"minecraft:red_mushroom":2,"minecraft:smoker":1,"minecraft:gravel":15,"minecraft:flint":1,"minecraft:sand":12,"minecraft:oak_log":32,"minecraft:diorite":17,"minecraft:redstone":8,"minecraft:dirt":2,"minecraft:bone":2,"minecraft:arrow":1,"minecraft:rotten_flesh":1,"minecraft:mutton":4,"minecraft:coal":34,"minecraft:white_wool":3,"minecraft:cobblestone":89,"minecraft:furnace":2},"minecraft:custom":{"minecraft:time_since_rest":25145,"minecraft:interact_with_furnace":15,"minecraft:sprint_one_cm":82350,"minecraft:damage_taken":320,"minecraft:walk_one_cm":29864,"minecraft:damage_blocked_by_shield":120,"minecraft:mob_kills":8,"minecraft:damage_dealt":1381,"minecraft:interact_with_crafting_table":11,"minecraft:fly_one_cm":29369,"minecraft:open_chest":1,"minecraft:crouch_one_cm":404,"minecraft:play_time":25145,"minecraft:sneak_time":326,"minecraft:jump":142,"minecraft:leave_game":1,"minecraft:walk_on_water_one_cm":200,"minecraft:time_since_death":25145,"minecraft:interact_with_smoker":2,"minecraft:total_world_time":25145,"minecraft:fall_one_cm":3440}},"DataVersion":3120}