{"stats":{"minecraft:dropped":{"minecraft:iron_pickaxe":2},"minecraft:used":{"minecraft:cooked_mutton":4,"minecraft:stone_pickaxe":35,"minecraft:wooden_pickaxe":6,"minecraft:shield":5,"minecraft:stonecutter":1,"minecraft:crafting_table":7,"minecraft:smoker":1,"minecraft:iron_axe":40,"minecraft:iron_pickaxe":267,"minecraft:stone_axe":6,"minecraft:furnace":10},"minecraft:mined":{"minecraft:smoker":1,"minecraft:crafting_table":7,"minecraft:granite":1,"minecraft:grass_block":1,"minecraft:diorite":17,"minecraft:redstone_ore":2,"minecraft:furnace":10,"minecraft:iron_ore":72,"minecraft:andesite":13,"minecraft:birch_leaves":1,"minecraft:grass":2,"minecraft:oak_log":32,"minecraft:coal_ore":51,"minecraft:sand":13,"minecraft:dirt":1,"minecraft:stonecutter":1,"minecraft:stone":139},"minecraft:killed":{"iceandfire:troll":1,"minecraft:sheep":3,"minecraft:skeleton":1,"minecraft:zombie":3},"minecraft:crafted":{"minecraft:smooth_stone":48,"minecraft:oak_planks":64,"minecraft:crafting_table":1,"minecraft:wooden_pickaxe":1,"minecraft:iron_helmet":1,"minecraft:furnace":10,"minecraft:blast_furnace":1,"minecraft:stone":51,"minecraft:stone_axe":1,"minecraft:cooked_mutton":4,"minecraft:iron_boots":1,"minecraft:iron_chestplate":1,"minecraft:shield":1,"minecraft:iron_axe":1,"minecraft:stick":64,"minecraft:iron_ingot":44,"minecraft:compass":1,"minecraft:iron_pickaxe":2,"minecraft:stone_pickaxe":1,"minecraft:chest":1,"minecraft:iron_leggings":1,"minecraft:stonecutter":1,"minecraft:smoker":2},"minecraft:picked_up":{"minecraft:crafting_table":7,"iceandfire:troll_weapon_hammer":1,"minecraft:andesite":13,"minecraft:smoker":1,"minecraft:red_mushroom":2,"minecraft:flint":1,"minecraft:oak_log":32,"minecraft:dirt":2,"minecraft:bone":2,"minecraft:stonecutter":1,"minecraft:iron_pickaxe":1,"minecraft:furnace":10,"minecraft:raw_iron":72,"iceandfire:troll_tusk":2,"minecraft:gravel":15,"minecraft:sand":12,"minecraft:diorite":17,"minecraft:redstone":8,"minecraft:arrow":1,"minecraft:rotten_flesh":1,"minecraft:mutton":4,"minecraft:coal":100,"minecraft:cobblestone":137,"minecraft:white_wool":3},"minecraft:custom":{"minecraft:interact_with_furnace":71,"minecraft:mob_kills":8,"minecraft:interact_with_crafting_table":30,"minecraft:interact_with_stonecutter":3,"minecraft:leave_game":3,"minecraft:time_since_death":49377,"minecraft:time_since_rest":49377,"minecraft:sprint_one_cm":122761,"minecraft:damage_taken":320,"minecraft:walk_one_cm":56201,"minecraft:damage_blocked_by_shield":120,"minecraft:drop":2,"minecraft:damage_dealt":1381,"minecraft:fly_one_cm":29369,"minecraft:open_chest":1,"minecraft:crouch_one_cm":490,"minecraft:play_time":49377,"minecraft:sneak_time":441,"minecraft:jump":143,"minecraft:walk_on_water_one_cm":200,"minecraft:interact_with_smoker":2,"minecraft:total_world_time":49377,"minecraft:fall_one_cm":3440}},"DataVersion":3120}