{"stats":{"minecraft:dropped":{"minecraft:diorite":17,"minecraft:andesite":13,"minecraft:iron_pickaxe":2,"minecraft:bone":2},"minecraft:used":{"minecraft:cooked_mutton":4,"minecraft:stone_pickaxe":35,"minecraft:wooden_pickaxe":6,"minecraft:shield":5,"minecraft:stonecutter":1,"minecraft:rotten_flesh":1,"minecraft:crafting_table":7,"minecraft:smoker":2,"minecraft:iron_axe":97,"minecraft:iron_pickaxe":268,"minecraft:stone_axe":6,"minecraft:furnace":10,"minecraft:cooked_porkchop":2},"minecraft:mined":{"minecraft:smoker":2,"minecraft:crafting_table":7,"minecraft:granite":1,"minecraft:grass_block":1,"minecraft:diorite":17,"minecraft:redstone_ore":2,"minecraft:furnace":10,"minecraft:iron_ore":72,"minecraft:andesite":13,"minecraft:birch_leaves":1,"minecraft:grass":3,"minecraft:oak_log":58,"minecraft:coal_ore":51,"minecraft:sand":13,"minecraft:dirt":1,"minecraft:stonecutter":1,"minecraft:stone":139},"minecraft:killed":{"minecraft:pig":6,"iceandfire:troll":1,"minecraft:sheep":4,"minecraft:skeleton":1,"minecraft:zombie":3,"minecraft:bee":1,"minecraft:chicken":2,"minecraft:cow":8},"minecraft:crafted":{"minecraft:smooth_stone":48,"minecraft:oak_planks":64,"minecraft:cooked_porkchop":2,"minecraft:crafting_table":1,"minecraft:wooden_pickaxe":1,"minecraft:iron_helmet":1,"minecraft:furnace":10,"minecraft:blast_furnace":1,"minecraft:stone":51,"minecraft:stone_axe":1,"minecraft:cooked_mutton":4,"minecraft:iron_boots":1,"minecraft:iron_chestplate":1,"minecraft:shield":1,"minecraft:iron_axe":1,"minecraft:stick":64,"minecraft:iron_ingot":44,"minecraft:compass":1,"minecraft:iron_pickaxe":2,"minecraft:stone_pickaxe":1,"minecraft:chest":1,"minecraft:iron_leggings":1,"minecraft:stonecutter":1,"minecraft:smoker":2},"minecraft:picked_up":{"minecraft:crafting_table":7,"iceandfire:troll_weapon_hammer":1,"minecraft:andesite":13,"minecraft:leather":8,"minecraft:smoker":2,"minecraft:red_mushroom":2,"minecraft:flint":1,"minecraft:oak_log":58,"minecraft:dirt":2,"minecraft:bone":2,"minecraft:stonecutter":1,"minecraft:beef":16,"minecraft:iron_pickaxe":1,"minecraft:furnace":10,"minecraft:raw_iron":72,"iceandfire:troll_tusk":2,"minecraft:gravel":15,"minecraft:porkchop":15,"minecraft:sand":12,"minecraft:diorite":17,"minecraft:redstone":8,"minecraft:arrow":1,"minecraft:rotten_flesh":1,"minecraft:mutton":6,"minecraft:coal":100,"minecraft:cobblestone":137,"minecraft:white_wool":4},"minecraft:custom":{"minecraft:interact_with_furnace":71,"minecraft:mob_kills":26,"minecraft:interact_with_crafting_table":30,"minecraft:interact_with_stonecutter":3,"minecraft:leave_game":4,"minecraft:time_since_death":59619,"minecraft:time_since_rest":59619,"minecraft:sprint_one_cm":222847,"minecraft:damage_taken":340,"minecraft:walk_one_cm":74460,"minecraft:damage_blocked_by_shield":120,"minecraft:drop":5,"minecraft:damage_dealt":3041,"minecraft:fly_one_cm":29369,"minecraft:open_chest":2,"minecraft:crouch_one_cm":490,"minecraft:play_time":59619,"minecraft:sneak_time":441,"minecraft:jump":152,"minecraft:walk_on_water_one_cm":200,"minecraft:interact_with_smoker":7,"minecraft:total_world_time":59619,"minecraft:fall_one_cm":3440}},"DataVersion":3120}